Event,Company Name
ISA Sign Expo 2025,
ISA Sign Expo 2025,4Ever Products
ISA Sign Expo 2025,Direct Color Systems
ISA Sign Expo 2025,"For over four decades, Laguna Tools has been a pioneer in the machinery industry, delivering innovative solutions that empower artisans, craftsmen, and businesses to achi..."
ISA Sign Expo 2025,ADMAX Exhibit & Display Ltd.
ISA Sign Expo 2025,Arter Neon Sign Inc
ISA Sign Expo 2025,"Cirrus Systems, Inc."
ISA Sign Expo 2025,Birttani Display Inc
ISA Sign Expo 2025,Edgelight LLC
ISA Sign Expo 2025,1937
ISA Sign Expo 2025,faces
ISA Sign Expo 2025,Avery Dennison Graphics Solutions
ISA Sign Expo 2025,FoShan BaiYi Metal Products Co.Ltd
ISA Sign Expo 2025,DAF Products
ISA Sign Expo 2025,Signage Details
ISA Sign Expo 2025,G2G Lighting LLC
ISA Sign Expo 2025,EPM INTERNATIONAL TRADE LLC
ISA Sign Expo 2025,3962
ISA Sign Expo 2025,Colex Finishing Inc
ISA Sign Expo 2025,"CHANGZHOU HAWK DISPLAY SYSTEM CO.,LTD"
ISA Sign Expo 2025,dbi signs
ISA Sign Expo 2025,3M Commercial Solutions
ISA Sign Expo 2025,Duraluxe Inc.
ISA Sign Expo 2025,Gildo Profilati is a family-owned Italian  leading   company with over 50 years of trim caps  manufacturing experience.   Gildotrim caps are  flexible&durable  extruded p...
ISA Sign Expo 2025,CGS Imaging
ISA Sign Expo 2025,"Anhui Angran Green Technology Co.,Ltd."
ISA Sign Expo 2025,Burkle North America
ISA Sign Expo 2025,A.R.K. Ramos Foundry & Mfg. Co.
ISA Sign Expo 2025,General Formulations
ISA Sign Expo 2025,Calsak/Farco Plastics
ISA Sign Expo 2025,"Aurora Science and Technology Co., Ltd"
ISA Sign Expo 2025,Awning Innovations/VISTA
ISA Sign Expo 2025,CALIFORNIA GLOBAL-SIGNS INFORMATION TECHNOLOGY CO INC
ISA Sign Expo 2025,Canon USA
ISA Sign Expo 2025,ABC Sign Products
ISA Sign Expo 2025,1021
ISA Sign Expo 2025,Laguna Tools Inc.
ISA Sign Expo 2025,Flexpost
ISA Sign Expo 2025,Easelly Wrap Design
ISA Sign Expo 2025,"Chengdu Wujiang Carrey Sign Co.,LTD"
ISA Sign Expo 2025,Erie Custom Signs
ISA Sign Expo 2025,FASTENation
ISA Sign Expo 2025,Principal Industries
ISA Sign Expo 2025,Electronic Sign Supply
ISA Sign Expo 2025,2545
ISA Sign Expo 2025,CleBitCo
ISA Sign Expo 2025,"Photo Tex™ is a PEEL & STICK , multi-US patented, SELF-ADHESIVE material made of 100% POLYESTER FABRIC. Photo Tex has several versions to meet all your inkjet and install..."
ISA Sign Expo 2025,"Component Signage, Inc."
ISA Sign Expo 2025,CAB SIGNS
ISA Sign Expo 2025,Duo Display
ISA Sign Expo 2025,"Foshan Hongyi Optoelectronic Technology Co., Ltd"
ISA Sign Expo 2025,"General Formulations® (GF) is a global manufacturer of pressure-sensitive print media headquartered in the USA, since 1953. GF offers a cross-platform portfolio of print ..."
ISA Sign Expo 2025,EXPOMAX (CHINA) ADVERTISING DISPLAY LIMITED
ISA Sign Expo 2025,Fusion LED Digital Displays
ISA Sign Expo 2025,Arlon Graphics
ISA Sign Expo 2025,Photo Tex Group Inc.
ISA Sign Expo 2025,Everylite
ISA Sign Expo 2025,Euro Panel Products Limited
ISA Sign Expo 2025,Datum
ISA Sign Expo 2025,AA LED Supply Corp.
ISA Sign Expo 2025,Gildo Profilati
ISA Sign Expo 2025,Aludecor
ISA Sign Expo 2025,Clarke Systems
ISA Sign Expo 2025,Gemini Inc
PRINTING United Expo 2025,
PRINTING United Expo 2025,Air and Water Systems
PRINTING United Expo 2025,Case Paper + Case Makes
PRINTING United Expo 2025,Meccanotecnica Group is the world’s leading manufacturer of automatic book-sewing machines and lines. We specialize in both offset and digital print finishing solutions f...
PRINTING United Expo 2025,Announcement Converters
PRINTING United Expo 2025,Muller Martini Corp
PRINTING United Expo 2025,Brava PVC-Free Wall Coverings
PRINTING United Expo 2025,Anytron
PRINTING United Expo 2025,Standard Finishing Systems
PRINTING United Expo 2025,AIM
PRINTING United Expo 2025,Banner Ups / Budnick Converting Inc.
PRINTING United Expo 2025,4over Inc
PRINTING United Expo 2025,1909
PRINTING United Expo 2025,"100 Horse Technology (WUXI) CO., LTD."
PRINTING United Expo 2025,AGL
PRINTING United Expo 2025,2007
PRINTING United Expo 2025,Axiom America / Arcus Printers
PRINTING United Expo 2025,TVF
PRINTING United Expo 2025,"We’ve been On the Case for 80+ years and when we aren’t distributing or converting paper and board for the printing and packaging industries, we’re rolling out new soluti..."
PRINTING United Expo 2025,Advantage Innovations Inc.
PRINTING United Expo 2025,Rollem Intl.
PRINTING United Expo 2025,Alphabroder
PRINTING United Expo 2025,"Optimized for photography and engineered to last a lifetime, the high-performance photo panels manufactured by ChromaLuxe can bring even the smallest details to life by a..."
PRINTING United Expo 2025,2207
PRINTING United Expo 2025,"Tritek Systems, Inc"
PRINTING United Expo 2025,All American Print Supply Co
PRINTING United Expo 2025,Smart Fog
PRINTING United Expo 2025,3A Composites USA
PRINTING United Expo 2025,All For Signs
PRINTING United Expo 2025,Apex Machine Company
PRINTING United Expo 2025,"wallquest, inc"
PRINTING United Expo 2025,A-Plus Printing
PRINTING United Expo 2025,AFFORD INKS
PRINTING United Expo 2025,Agfa Corporation
PRINTING United Expo 2025,American Niagara
PRINTING United Expo 2025,ASI
PRINTING United Expo 2025,Aeoon North America
PRINTING United Expo 2025,Anatol Equipment
PRINTING United Expo 2025,"Anhui Dingxing Textile Technology Co.,Ltd"
PRINTING United Expo 2025,"AutoTran, Inc."
PRINTING United Expo 2025,Admax Exhibit & Display Ltd.
PRINTING United Expo 2025,Apex International
PRINTING United Expo 2025,Afinia Label
PRINTING United Expo 2025,Book Automation / Meccanotecnica
PRINTING United Expo 2025,Antera Software USA
PRINTING United Expo 2025,4638
PRINTING United Expo 2025,AA Mills
PRINTING United Expo 2025,ATTO Inkjet
PRINTING United Expo 2025,FUJIFILM Graphic Communication Division
PRINTING United Expo 2025,BannerBug USA
PRINTING United Expo 2025,Accura MIS
PRINTING United Expo 2025,"American Print Consultants, LLC"
PRINTING United Expo 2025,Artisan Collection by Reprime
PRINTING United Expo 2025,"APS Imaging Solutions, Inc."
PRINTING United Expo 2025,ChromaLuxe - UW Solutions
PRINTING United Expo 2025,"Amica Systems, Inc."
PRINTING United Expo 2025,Atexco USA / Impact USA
PRINTING United Expo 2025,7C Digital
PRINTING United Expo 2025,Adventa
PRINTING United Expo 2025,Trotec Laser
PRINTING United Expo 2025,Aberdeen Fabrics
PRINTING United Expo 2025,Arlon Graphics
PRINTING United Expo 2025,Aleyant Systems LLC
PRINTING United Expo 2025,"AWT World Trade, Inc."
PRINTING United Expo 2025,1 Source Bpo
PRINTING United Expo 2025,Ahlstrom
PRINTING United Expo 2025,Ascentium Capital
PRINTING United Expo 2025,Apparel Zone
PRINTING United Expo 2025,AWDis
PRINTING United Expo 2025,"AstroNova, Inc."
PRINTING United Expo 2025,Anchor Software LLC
PRINTING United Expo 2025,Ink Jetters
Sign & Digital UK 2025,Very Displays
Sign & Digital UK 2025,Zhengzou New Century Digital Technology Co.
Sign & Digital UK 2025,AE Sewing Machines
Sign & Digital UK 2025,The Online Print Coach
Sign & Digital UK 2025,Automatic Letter Bender
Sign & Digital UK 2025,printMAX
Sign & Digital UK 2025,LOVE MOLLY (Shanghai) New Material Technology Co.
Sign & Digital UK 2025,Premier
Sign & Digital UK 2025,Mobile Light Box - Matrix Frames
Sign & Digital UK 2025,Signmaking Tools
Sign & Digital UK 2025,Boxford
Sign & Digital UK 2025,CAMERAReadyArt UK
Sign & Digital UK 2025,Premier Bond
Sign & Digital UK 2025,Quality Print Services
Sign & Digital UK 2025,Yide Display
Sign & Digital UK 2025,Sign Trade Supplies
Sign & Digital UK 2025,Vivid Laminating Technologies
Sign & Digital UK 2025,Independent Print Industries Association (IPIA)
Sign & Digital UK 2025,Roland DG
Sign & Digital UK 2025,xTool
Sign & Digital UK 2025,Jinan Alands Plastic Co.
Sign & Digital UK 2025,China Print Supplies UK
Sign & Digital UK 2025,Printvision (UK)
Sign & Digital UK 2025,Tekstilbox
Sign & Digital UK 2025,Hello Fresh
Sign & Digital UK 2025,BestSub
Sign & Digital UK 2025,VKF Renzel (UK)
Sign & Digital UK 2025,Photo US Electronic Graphic Inc.
Sign & Digital UK 2025,InkTec Europe
Sign & Digital UK 2025,Feather Flags Trade
Sign & Digital UK 2025,William Smith
Sign & Digital UK 2025,BPIF
Sign & Digital UK 2025,Hexis UK
Sign & Digital UK 2025,Godrich Sewing Machines
Sign & Digital UK 2025,GoboPlus
Sign & Digital UK 2025,Trimalco
Sign & Digital UK 2025,BSGA – British Sign & Graphics Association
Sign & Digital UK 2025,Image Reports
Sign & Digital UK 2025,Kuori
Sign & Digital UK 2025,Eurobond Adhesives
Sign & Digital UK 2025,Clarity Software
Sign & Digital UK 2025,SAATI - L&M Imaging
Sign & Digital UK 2025,SDL Engineering UAB
Sign & Digital UK 2025,Sinsign Eutaly Lighting Beijing Co.
Sign & Digital UK 2025,eProductivity Software
Sign & Digital UK 2025,HPC Laser
Sign & Digital UK 2025,Union Elecom
Sign & Digital UK 2025,Adivin Beach Flag
Sign & Digital UK 2025,Standing Stone DOS / PSW Paper & Print
Sign & Digital UK 2025,SignSpares
Sign & Digital UK 2025,Soyang Europe
Sign & Digital UK 2025,Mermicornjet Technology
Sign & Digital UK 2025,Zhuhai Enlite Technology Co.
Sign & Digital UK 2025,Opus UK Binding & Foiling
Sign & Digital UK 2025,Epson UK
Sign & Digital UK 2025,Hybrid Services
Sign & Digital UK 2025,Antalis
Sign & Digital UK 2025,Industrial Tooling Corporation
Sign & Digital UK 2025,LED Technologies
Sign & Digital UK 2025,Baltled
Sign & Digital UK 2025,Gazeboshop
